studentId,class
1,4P
2,5V
3,12H
4,2U
5,12Q
6,7B
7,1K
8,1D
9,6I
10,1D
11,8A
12,10U
13,3L
14,6B
15,3P
16,1I
17,3J
18,9F
19,9Y
20,8Q
21,10Q
22,11V
23,8F
24,1T
25,6X
26,4M
27,1G
28,3W
29,9C
30,1R
31,3V
32,1V
33,7F
34,4I
35,12S
36,1F
37,11F
38,7B
39,6B
40,10V
41,12E
42,8X
43,1V
44,4Z
45,4T
46,7Z
47,3J
48,12K
49,5T
50,5M
51,4N
52,3F
53,3M
54,3L
55,11S
56,11N
57,8R
58,6U
59,1H
60,7A
61,9O
62,2G
63,10W
64,9P
65,8O
66,2G
67,2V
68,6B
69,10O
70,5M
71,10Q
72,2H
73,9Y
74,10X
75,8Y
76,5E
77,3N
78,5L
79,3T
80,11A
81,3B
82,9C
83,10V
84,2S
85,1D
86,8H
87,2Q
88,11H
89,4H
90,11O
91,7G
92,1K
93,7C
94,2Y
95,7R
96,1W
97,4E
98,5W
99,7Y
100,10Z
101,9I
102,8T
103,10G
104,2R
105,3D
106,6Q
107,4E
108,10L
109,7W
110,3S
111,10O
112,2W
113,9Z
114,11K
115,3X
116,7B
117,8F
118,6Z
119,2D
120,2S
121,3C
122,11N
123,8M
124,9I
125,1K
126,9C
127,6K
128,3E
129,7R
130,1A
131,10B
132,11K
133,10U
134,1M
135,7D
136,9F
137,10K
138,8A
139,4Y
140,5E
141,1R
142,4E
143,5C
144,2M
145,1S
146,7F
147,3P
148,3P
149,8W
150,9U
151,11X
152,11V
153,1M
154,2R
155,6U
156,8T
157,2V
158,12M
159,8G
160,9T
161,8I
162,5W
163,5Z
164,5B
165,8X
166,5Z
167,5L
168,3M
169,9Z
170,11N
171,4F
172,1T
173,4L
174,5V
175,5P
176,11F
177,1P
178,8X
179,8D
180,12M
181,10M
182,11I
183,9W
184,10I
185,10K
186,3L
187,8T
188,9T
189,6C
190,7X
191,11R
192,3V
193,2F
194,7I
195,9C
196,10N
197,6V
198,7A
199,2S
200,1S
201,3V
202,12T
203,8M
204,1F
205,1I
206,1U
207,8L
208,6Z
209,3U
210,1T
211,7N
212,1K
213,3N
214,4E
215,6L
216,12V
217,9L
218,9K
219,11C
220,2S
221,9T
222,4Z
223,3D
224,5D
225,2T
226,3K
227,3F
228,1O
229,8S
230,8N
231,11F
232,10D
233,8F
234,7O
235,2F
236,6J
237,5T
238,9F
239,11B
240,4L
241,11W
242,6B
243,12T
244,2I
245,11F
246,6X
247,1P
248,4Z
249,12H
250,2S
251,10S
252,12B
253,10B
254,1H
255,6Q
256,6I
257,4Y
258,4J
259,4E
260,2L
261,7W
262,2H
263,8F
264,10A
265,10R
266,9O
267,3O
268,9I
269,10E
270,10H
271,8J
272,8U
273,2Y
274,6S
275,4B
276,1A
277,6P
278,11S
279,11R
280,8F
281,1W
282,8G
283,9A
284,1I
285,1J
286,7R
287,9O
288,10I
289,8L
290,9O
291,12C
292,10N
293,5C
294,4Q
295,3A
296,9E
297,7A
298,12T
299,12W
300,9O
301,8C
302,11R
303,2M
304,8R
305,1A
306,10O
307,5O
308,4E
309,11B
310,1C
311,12S
312,8C
313,3K
314,5K
315,8R
316,3E
317,11U
318,11Q
319,12O
320,11N
321,8I
322,9L
323,4H
324,8D
325,4O
326,7N
327,7Q
328,6C
329,6K
330,7X
331,9Z
332,8G
333,12D
334,11J
335,9V
336,7K
337,8F
338,1T
339,9S
340,7F
341,12Q
342,8W
343,1X
344,10J
345,12Y
346,4D
347,9V
348,7M
349,10X
350,10K
351,12K
352,1O
353,11V
354,4V
355,3N
356,6C
357,2K
358,7Z
359,12W
360,9Q
361,4S
362,9L
363,1X
364,3H
365,12W
366,10H
367,6W
368,10O
369,11Q
370,2U
371,12T
372,4S
373,12S
374,11R
375,7F
376,9L
377,6Y
378,8U
379,11G
380,9D
381,10U
382,12D
383,8B
384,11T
385,11O
386,4A
387,2N
388,5A
389,4A
390,2U
391,8B
392,11B
393,5L
394,7A
395,10O
396,9R
397,5U
398,5X
399,3N
400,7Q
401,12K
402,2W
403,2G
404,1U
405,12I
406,7O
407,2M
408,5A
409,7O
410,8O
411,3A
412,8I
413,3D
414,8B
415,9H
416,3O
417,11P
418,9Y
419,6W
420,11U
421,4Y
422,11A
423,12V
424,11X
425,3S
426,3A
427,7R
428,10J
429,3K
430,9J
431,8D
432,11Y
433,11T
434,5O
435,5W
436,7C
437,1S
438,12U
439,6A
440,5J
441,10G
442,1K
443,8R
444,8T
445,8X
446,9W
447,4T
448,4X
449,6B
450,11E
451,5G
452,6J
453,5N
454,8K
455,2K
456,11C
457,5M
458,2R
459,4L
460,2J
461,12P
462,3S
463,7G
464,10W
465,7Z
466,4L
467,4W
468,3S
469,6I
470,5U
471,3V
472,1D
473,11I
474,4N
475,12X
476,3T
477,5M
478,11L
479,8D
480,4T
481,6K
482,2G
483,4N
484,4R
485,3K
486,9C
487,12J
488,9M
489,7F
490,4H
491,1V
492,11Z
493,9P
494,2L
495,5Z
496,6W
497,9M
498,6B
499,2S
500,6S
501,1J
502,4Y
503,2T
504,4R
505,5X
506,9E
507,9L
508,12U
509,6N
510,12U
511,5U
512,9K
513,8Y
514,3C
515,4H
516,6Y
517,10R
518,6X
519,5M
520,3H
521,9Z
522,1G
523,12P
524,8J
525,6I
526,9J
527,10W
528,5K
529,1Y
530,3L
531,7H
532,1I
533,8J
534,4S
535,1H
536,2P
537,8Y
538,11Z
539,4A
540,6J
541,8Q
542,6X
543,6K
544,2Q
545,4D
546,11H
547,6K
548,7K
549,5T
550,10J
551,3K
552,2E
553,11H
554,9L
555,7B
556,8R
557,9V
558,1Z
559,4Y
560,7L
561,3J
562,11I
563,2V
564,7Y
565,9Z
566,2B
567,11H
568,5O
569,5T
570,10W
571,2W
572,4R
573,2H
574,3D
575,9Z
576,2Q
577,1F
578,10U
579,2R
580,7H
581,5E
582,4T
583,1R
584,2X
585,4R
586,6S
587,1C
588,12I
589,3J
590,4M
591,2Z
592,12U
593,8X
594,8E
595,12I
596,7O
597,3S
598,5J
599,7Q
600,6Y
601,5M
602,11W
603,10H
604,11N
605,7V
606,4G
607,2W
608,12I
609,1P
610,10H
611,4P
612,5D
613,6G
614,12M
615,9M
616,8G
617,5C
618,7O
619,5G
620,4Z
621,1Z
622,8P
623,12K
624,1O
625,5G
626,11E
627,9T
628,4A
629,9F
630,2F
631,3S
632,5G
633,1P
634,9N
635,6R
636,11L
637,1O
638,7H
639,11O
640,1D
641,2M
642,6I
643,2Q
644,11T
645,11F
646,5Y
647,8U
648,2J
649,4T
650,1Y
651,10Y
652,5F
653,2Q
654,8M
655,12K
656,11V
657,1D
658,1B
659,6T
660,7G
661,8A
662,7K
663,2N
664,2V
665,2A
666,2U
667,1A
668,2P
669,2G
670,6Q
671,7F
672,11R
673,7R
674,9L
675,10U
676,7F
677,6Y
678,5V
679,5G
680,10P
681,8S
682,3X
683,1P
684,5B
685,11Q
686,1D
687,11I
688,2E
689,8T
690,7W
691,5V
692,8X
693,11S
694,7J
695,10N
696,6Y
697,8Z
698,5W
699,8P
700,2X
701,10P
702,6K
703,1A
704,10N
705,1F
706,1W
707,5N
708,12T
709,10O
710,4Z
711,5X
712,11T
713,11Q
714,10Y
715,1Y
716,3O
717,12W
718,3P
719,4D
720,10M
721,1C
722,7Q
723,5N
724,6E
725,5Q
726,9W
727,5J
728,1P
729,6C
730,1H
731,10U
732,7V
733,7E
734,8Q
735,7K
736,5P
737,1C
738,5B
739,7W
740,8C
741,2E
742,7N
743,10J
744,6L
745,5D
746,9G
747,1S
748,5H
749,5G
750,7N
751,2J
752,10Z
753,7E
754,6F
755,11L
756,6H
757,10I
758,11G
759,9K
760,5K
761,11K
762,11S
763,4Q
764,7R
765,11C
766,8R
767,6Y
768,3T
769,5Z
770,1B
771,9C
772,11W
773,5B
774,7B
775,1K
776,12F
777,6R
778,5M
779,1Y
780,11X
781,10C
782,7B
783,12T
784,1R
785,12K
786,10V
787,1A
788,8V
789,10S
790,5V
791,11Z
792,8F
793,2I
794,12L
795,10N
796,7N
797,1G
798,7X
799,11F
800,3F
801,10I
802,9A
803,4V
804,7O
805,11V
806,5V
807,8O
808,3W
809,2Q
810,3Y
811,12U
812,8M
813,3I
814,2V
815,5J
816,2F
817,4Z
818,11N
819,1D
820,12L
821,3C
822,4H
823,3N
824,1Z
825,12F
826,5M
827,11L
828,6G
829,4Q
830,4D
831,2C
832,6Z
833,9A
834,6B
835,11S
836,1X
837,8J
838,2J
839,5J
840,9C
841,2Q
842,8G
843,11H
844,3C
845,12S
846,9T
847,9R
848,9C
849,8U
850,1D
851,1L
852,2H
853,8Y
854,2L
855,1F
856,2V
857,11Q
858,2U
859,2C
860,9I
861,5U
862,7V
863,7E
864,7E
865,2N
866,7G
867,11O
868,9J
869,10M
870,5D
871,7E
872,11T
873,12E
874,4D
875,9P
876,2Q
877,6G
878,9L
879,7I
880,4U
881,10E
882,11Q
883,9M
884,10S
885,3D
886,3F
887,12J
888,1O
889,2H
890,11I
891,5U
892,12D
893,12I
894,12U
895,7I
896,11Y
897,7Y
898,5A
899,12R
900,12P
901,12V
902,1H
903,7G
904,1Y
905,7X
906,9M
907,2X
908,8G
909,5A
910,7B
911,4L
912,5B
913,3Z
914,2W
915,6A
916,3Y
917,1P
918,12T
919,9E
920,1W
921,7H
922,7K
923,1S
924,6U
925,11W
926,10I
927,8M
928,2Y
929,3Z
930,10U
931,5H
932,3J
933,7D
934,4B
935,9T
936,7K
937,2M
938,5I
939,4X
940,7C
941,2Y
942,9E
943,11D
944,2N
945,7N
946,2V
947,1H
948,1R
949,1X
950,5D
951,5B
952,10O
953,10X
954,9G
955,8Y
956,2P
957,8I
958,6J
959,4I
960,8S
961,12E
962,7Y
963,9F
964,4U
965,6E
966,9W
967,9E
968,10M
969,1Z
970,4Y
971,12W
972,12Y
973,11P
974,1K
975,6U
976,2H
977,1Z
978,12I
979,7V
980,2O
981,2S
982,7P
983,9E
984,9X
985,7Q
986,3M
987,11X
988,1D
989,3A
990,6Z
991,4C
992,7Z
993,1C
994,5F
995,8H
996,3O
997,2E
998,7Y
999,8E
1000,9U
1001,9V
1002,5O
1003,12Z
1004,9X
1005,2E
1006,7E
1007,5B
1008,5Y
1009,10M
1010,5H
1011,4Y
1012,10D
1013,3A
1014,4C
1015,2C
1016,12K
1017,12C
1018,6X
1019,4K
1020,3O
1021,2I
1022,9K
1023,11O
1024,6O
1025,9V
1026,7I
1027,9B
1028,4U
1029,3A
1030,10F
1031,2P
1032,2T
1033,11O
1034,5C
1035,1X
1036,11V
1037,12K
1038,10C
1039,1K
1040,2F
1041,8M
1042,8F
1043,8N
1044,1W
1045,7V
1046,9K
1047,9N
1048,11U
1049,7C
1050,12J
1051,10P
1052,1L
1053,8Y
1054,7T
1055,11U
1056,1Q
1057,9V
1058,6L
1059,5D
1060,4Z
1061,2G
1062,12N
1063,10H
1064,4N
1065,5V
1066,9C
1067,2D
1068,5F
1069,11U
1070,7R
1071,6E
1072,9C
1073,10Z
1074,12B
1075,10E
1076,6V
1077,2H
1078,11O
1079,1I
1080,11J
1081,1S
1082,12V
1083,8T
1084,11E
1085,9I
1086,12M
1087,6L
1088,9S
1089,11Q
1090,6W
1091,1C
1092,2X
1093,3H
1094,8A
1095,11L
1096,3S
1097,4H
1098,8G
1099,10P
1100,11M
1101,10E
1102,5D
1103,11O
1104,11J
1105,2R
1106,9J
1107,1S
1108,12P
1109,7D
1110,10P
1111,6C
1112,9A
1113,5X
1114,4N
1115,7X
1116,2L
1117,3Y
1118,6W
1119,7M
1120,2X
1121,2O
1122,5B
1123,9B
1124,8P
1125,8J
1126,3L
1127,8J
1128,1M
1129,4O
1130,2V
1131,8T
1132,3C
1133,5R
1134,10V
1135,2L
1136,7A
1137,3F
1138,3I
1139,7M
1140,5H
1141,8Q
1142,1F
1143,10X
1144,10Q
1145,5Q
1146,11V
1147,4R
1148,8N
1149,9M
1150,7H
1151,10R
1152,10B
1153,2V
1154,7Y
1155,10O
1156,2E
1157,6Y
1158,4D
1159,8P
1160,7P
1161,7L
1162,6U
1163,2N
1164,12I
1165,8H
1166,9R
1167,9Y
1168,2K
1169,6U
1170,11H
1171,8P
1172,9Q
1173,12E
1174,9Z
1175,11P
1176,4V
1177,1R
1178,2D
1179,6U
1180,9P
1181,12J
1182,10R
1183,6I
1184,7E
1185,9I
1186,1J
1187,2A
1188,7U
1189,7F
1190,5S
1191,3C
1192,12J
1193,12J
1194,6K
1195,8C
1196,9U
1197,3C
1198,7G
1199,2E
1200,6F
1201,11K
1202,6R
1203,4Z
1204,9R
1205,10D
1206,11X
1207,2L
1208,5Z
1209,4E
1210,10Q
1211,3B
1212,10R
1213,2A
1214,3H
1215,8V
1216,3W
1217,9J
1218,12P
1219,1Y
1220,8F
1221,5V
1222,3B
1223,11D
1224,3B
1225,1P
1226,11Y
1227,12S
1228,8T
1229,8Z
1230,4A
1231,3B
1232,8C
1233,9M
1234,1I
1235,7G
1236,12G
1237,7V
1238,7Y
1239,9B
1240,6V
1241,8K
1242,7N
1243,2Y
1244,4K
1245,3S
1246,2C
1247,3V
1248,10Q
1249,12K
1250,10Y
1251,2B
1252,4S
1253,3J
1254,6W
1255,5G
1256,3M
1257,11A
1258,3V
1259,5W
1260,10E
1261,8F
1262,12K
1263,5E
1264,10R
1265,2Y
1266,12F
1267,2G
1268,4G
1269,12Y
1270,4X
1271,7M
1272,8M
1273,6G
1274,3T
1275,10P
1276,1A
1277,12Y
1278,7Y
1279,12X
1280,12L
1281,9H
1282,8N
1283,12N
1284,4J
1285,9I
1286,9O
1287,10K
1288,5E
1289,9W
1290,1K
1291,6Q
1292,5W
1293,5W
1294,12T
1295,6K
1296,9B
1297,12T
1298,9R
1299,4S
1300,11G
1301,10E
1302,6M
1303,8X
1304,6Y
1305,1H
1306,10D
1307,9Z
1308,2U
1309,10F
1310,12J
1311,4A
1312,9P
1313,7L
1314,9D
1315,12W
1316,11L
1317,8I
1318,5O
1319,4B
1320,4K
1321,3K
1322,10L
1323,3X
1324,6T
1325,10C
1326,4E
1327,3U
1328,6F
1329,4W
1330,2H
1331,9R
1332,11L
1333,10P
1334,6Q
1335,7Y
1336,10I
1337,3N
1338,2T
1339,9S
1340,11O
1341,8M
1342,9O
1343,6Z
1344,2O
1345,8Z
1346,3R
1347,10M
1348,6G
1349,12E
1350,2N
1351,7L
1352,10A
1353,3E
1354,10X
1355,1R
1356,8E
1357,8Q
1358,3P
1359,6G
1360,5G
1361,5Y
1362,10A
1363,5I
1364,7T
1365,12Z
1366,1A
1367,11B
1368,2U
1369,7J
1370,3R
1371,5L
1372,1X
1373,7L
1374,10H
1375,9I
1376,11L
1377,8G
1378,10W
1379,7P
1380,8D
1381,1O
1382,11O
1383,5Y
1384,12F
1385,2I
1386,6Z
1387,9K
1388,9J
1389,1K
1390,6C
1391,10Y
1392,12H
1393,6Y
1394,11X
1395,9J
1396,8A
1397,4V
1398,4C
1399,2H
1400,2N
1401,2Z
1402,10R
1403,4Y
1404,12B
1405,6T
1406,2C
1407,6S
1408,11I
1409,9C
1410,6L
1411,10T
1412,3I
1413,3L
1414,12V
1415,12U
1416,1B
1417,6P
1418,9T
1419,7S
1420,8E
1421,9V
1422,9C
1423,6P
1424,6Y
1425,5Y
1426,2M
1427,10Q
1428,6M
1429,6S
1430,8I
1431,8P
1432,5C
1433,7C
1434,2R
1435,8X
1436,4F
1437,12C
1438,4M
1439,2U
1440,1A
1441,6M
1442,5U
1443,2H
1444,6B
1445,8S
1446,1Q
1447,5C
1448,8C
1449,4G
1450,1I
1451,4O
1452,4C
1453,7B
1454,8Q
1455,1S
1456,11M
1457,7K
1458,10J
1459,4O
1460,11G
1461,4Z
1462,9G
1463,2J
1464,9W
1465,4P
1466,10K
1467,11C
1468,3L
1469,12P
1470,8B
1471,8K
1472,3T
1473,11F
1474,12Q
1475,12A
1476,9P
1477,8G
1478,8X
1479,7Y
1480,4N
1481,4D
1482,3T
1483,6E
1484,2B
1485,3N
1486,10Y
1487,9E
1488,11X
1489,6B
1490,6X
1491,12Z
1492,2M
1493,5B
1494,9T
1495,3Z
1496,2G
1497,9A
1498,4Z
1499,11K
1500,3N
1501,2Y
1502,5Q
1503,6I
1504,12G
1505,4F
1506,9G
1507,11T
1508,5J
1509,6U
1510,6J
1511,9D
1512,6T
1513,6G
1514,9Q
1515,9U
1516,6G
1517,7E
1518,10Q
1519,1H
1520,6F
1521,3D
1522,9J
1523,7P
1524,10L
1525,6C
1526,10U
1527,2S
1528,12A
1529,8L
1530,11U
1531,10M
1532,4N
1533,9P
1534,4X
1535,9L
1536,2J
1537,11W
1538,4G
1539,9N
1540,1C
1541,12M
1542,8O
1543,11N
1544,12S
1545,1R
1546,2Z
1547,4W
1548,12B
1549,8F
1550,1T
1551,1Q
1552,7B
1553,12M
1554,2G
1555,9V
1556,7V
1557,1T
1558,3G
1559,9B
1560,11Z
1561,11C
1562,10O
1563,8R
1564,4H
1565,4K
1566,12V
1567,3X
1568,4X
1569,11T
1570,12O
1571,5O
1572,5O
1573,4F
1574,5Z
1575,11Y
1576,6W
1577,2E
1578,7F
1579,6O
1580,7X
1581,1Z
1582,5U
1583,1Y
1584,4S
1585,1M
1586,4N
1587,4Y
1588,1G
1589,6N
1590,8F
1591,12I
1592,1Q
1593,4D
1594,9U
1595,6I
1596,4L
1597,3I
1598,8Q
1599,11C
1600,4P
1601,2M
1602,1Q
1603,9R
1604,11Q
1605,4K
1606,10B
1607,2X
1608,11R
1609,6W
1610,12H
1611,12H
1612,6U
1613,5Y
1614,5G
1615,4V
1616,2J
1617,5W
1618,4N
1619,3T
1620,10S
1621,9Q
1622,1I
1623,12S
1624,7J
1625,9D
1626,6K
1627,1S
1628,10N
1629,1I
1630,7K
1631,10I
1632,12H
1633,3W
1634,5N
1635,2A
1636,1J
1637,10P
1638,5B
1639,7P
1640,7T
1641,8J
1642,6R
1643,1H
1644,3J
1645,11N
1646,1R
1647,12K
1648,4O
1649,5Q
1650,10Q
1651,2Z
1652,2U
1653,7V
1654,8D
1655,6N
1656,11K
1657,4F
1658,8N
1659,6D
1660,8J
1661,3N
1662,8I
1663,5T
1664,12J
1665,12F
1666,1C
1667,7H
1668,12W
1669,9U
1670,9C
1671,3X
1672,12D
1673,6I
1674,3U
1675,5G
1676,4P
1677,12W
1678,4J
1679,6V
1680,12U
1681,5Y
1682,1V
1683,9X
1684,8A
1685,10F
1686,1L
1687,8Q
1688,6E
1689,3A
1690,11R
1691,8S
1692,9G
1693,1L
1694,6E
1695,11T
1696,4M
1697,6Z
1698,10Y
1699,7O
1700,9W
1701,4F
1702,3Y
1703,1W
1704,7H
1705,7V
1706,3Y
1707,4T
1708,4W
1709,10J
1710,9S
1711,2Z
1712,1Y
1713,9H
1714,7G
1715,3D
1716,6Q
1717,8O
1718,1K
1719,12Q
1720,12H
1721,6J
1722,10A
1723,2U
1724,7R
1725,5T
1726,6X
1727,7N
1728,4H
1729,4T
1730,7X
1731,7Q
1732,4I
1733,3E
1734,1V
1735,3E
1736,11J
1737,10N
1738,8W
1739,10L
1740,8B
1741,2G
1742,9Y
1743,9A
1744,8E
1745,5V
1746,6B
1747,4T
1748,12H
1749,1V
1750,6E
1751,10B
1752,12P
1753,11X
1754,8K
1755,10N
1756,3X
1757,12D
1758,8J
1759,12A
1760,8P
1761,11C
1762,9X
1763,6Y
1764,11S
1765,7N
1766,8L
1767,10T
1768,9E
1769,9B
1770,12V
1771,8V
1772,5G
1773,3M
1774,1H
1775,1C
1776,6T
1777,12X
1778,3Q
1779,1M
1780,5W
1781,1W
1782,11A
1783,12E
1784,9O
1785,9N
1786,4A
1787,5F
1788,2C
1789,3F
1790,7Y
1791,2I
1792,9Q
1793,1W
1794,6E
1795,3B
1796,8L
1797,3U
1798,11W
1799,2E
1800,8F
1801,4X
1802,12X
1803,12T
1804,1F
1805,3Y
1806,12L
1807,3U
1808,2P
1809,9I
1810,9O
1811,8N
1812,2G
1813,6F
1814,1Z
1815,11U
1816,1X
1817,10O
1818,4B
1819,2O
1820,9X
1821,6R
1822,2U
1823,3A
1824,10P
1825,11O
1826,12B
1827,7D
1828,3N
1829,9W
1830,4H
1831,5M
1832,8X
1833,12V
1834,3P
1835,2V
1836,2N
1837,1I
1838,5D
1839,2T
1840,11Y
1841,9D
1842,6T
1843,6U
1844,5D
1845,9V
1846,6I
1847,7I
1848,8U
1849,12X
1850,1H
1851,1O
1852,3N
1853,3E
1854,11J
1855,4B
1856,5N
1857,6O
1858,3E
1859,10T
1860,2T
1861,12D
1862,8V
1863,11W
1864,12G
1865,2V
1866,12H
1867,1R
1868,5D
1869,12N
1870,10H
1871,10Y
1872,6W
1873,4S
1874,7W
1875,11P
1876,11N
1877,7Z
1878,9Y
1879,2R
1880,3Q
1881,9G
1882,7W
1883,3F
1884,4D
1885,10C
1886,6E
1887,8U
1888,8Y
1889,12J
1890,12I
1891,3E
1892,6C
1893,3B
1894,5H
1895,12X
1896,9C
1897,2D
1898,10U
1899,12E
1900,6J
1901,11A
1902,11F
1903,9O
1904,11B
1905,1Y
1906,9G
1907,10W
1908,8T
1909,4V
1910,1N
1911,7F
1912,1V
1913,11B
1914,8H
1915,1R
1916,11W
1917,3J
1918,7R
1919,11K
1920,11J
1921,8D
1922,8G
1923,6P
1924,10Q
1925,2U
1926,11W
1927,3O
1928,5L
1929,6P
1930,8B
1931,3A
1932,6D
1933,1H
1934,10C
1935,9X
1936,1L
1937,1Q
1938,6H
1939,12E
1940,1X
1941,9T
1942,11T
1943,2R
1944,6L
1945,9U
1946,4X
1947,7A
1948,5B
1949,12I
1950,4R
1951,12C
1952,7Y
1953,3L
1954,5F
1955,9B
1956,4O
1957,6E
1958,4S
1959,4X
1960,8Y
1961,6G
1962,3Z
1963,3K
1964,1Q
1965,6V
1966,8Z
1967,4X
1968,1D
1969,5I
1970,10T
1971,11Z
1972,12M
1973,5H
1974,1X
1975,8X
1976,10I
1977,11F
1978,1N
1979,1T
1980,7V
1981,1U
1982,11H
1983,6C
1984,9W
1985,12L
1986,4Z
1987,9X
1988,3B
1989,3I
1990,1K
1991,4C
1992,11T
1993,11X
1994,3I
1995,6P
1996,10C
1997,12O
1998,2T
1999,10N
2000,9J